{"cameraMode":{"drawMode":0,"name":"Shaded","section":"Shading Mode"},"sceneLighting":true,"audioPlay":false,"sceneViewState":{"m_AlwaysRefresh":false,"showFog":true,"showSkybox":true,"showFlares":true,"showImageEffects":true,"showParticleSystems":true,"showVisualEffectGraphs":true,"m_FxEnabled":false},"in2DMode":false,"pivot":{"x":-2.309131622314453,"y":9.569506645202637,"z":1.269109845161438},"rotation":{"x":0.13700556755065919,"y":0.08902400732040405,"z":-0.012363883666694165,"w":0.9864832758903503},"size":18.336549758911134,"orthographic":false}